<?xml version="1.0" encoding="UTF-8" ?>
<!DOCTYPE mapper PUBLIC "-//mybatis.org//DTD Mapper 3.0//EN" "http://mybatis.org/dtd/mybatis-3-mapper.dtd">
<mapper namespace="com.app.bzpower.dao.CompanyDao">
	<resultMap type="com.app.bzpower.entity.Company"
		id="companyMap">
		<result column="id" property="id" />
		<result column="companyName" property="companyName" />
	</resultMap>
	
	<select id="selectCompanyByName" resultType="com.app.bzpower.entity.Company">
		select * from company where companyName = #{companyName}
	</select>
	
	<select id="selectCompany" resultType="com.app.bzpower.entity.Company">
		select * from company
	</select>
	
	

	<insert id="insertCompany" parameterType="com.app.bzpower.entity.Company" >
		insert into company( companyName) values (#{companyName})
	</insert>

<!--  
	<update id="updateDevice"
		parameterType="com.system.xianbozhan.entity.Device">
		
	</update>
-->	
	
	<delete id="deleteCompanyByName" parameterType="java.lang.String">
		delete from company where companyName = #{companyName}
	</delete>






</mapper>