<?xml version="1.0" encoding="UTF-8" ?>
<!DOCTYPE mapper PUBLIC "-//mybatis.org//DTD Mapper 3.0//EN" "http://mybatis.org/dtd/mybatis-3-mapper.dtd">
<mapper namespace="com.app.bzpower.dao.LogDao">

	<resultMap type="com.app.bzpower.entity.Log"
		id="logMap">
		<result column="id" property="id" />
		<result column="company" property="company" />
		<result column="userName" property="userName" />
		<result column="mac" property="mac" />
		<result column="did" property="did" />
		<result column="requestTime" property="requestTime" />
		<result column="openTime" property="openTime" />
		<result column="closeTime" property="closeTime" />
		<result column="actionD" property="actionD" />
		<result column="on_off" property="onOff" />
		<result column="status" property="status" />
	</resultMap>
	
	<select id="getLog" parameterType="java.lang.Integer" resultType="com.app.bzpower.entity.Log">
		select * from log where status = #{status} or actionD = #{actionD}
	</select>

	<select id="getLogById" parameterType="java.lang.Integer" resultType="com.app.bzpower.entity.Log">
		select * from log where id = #{id}
	</select>
	
	<insert id="insertUserRequestOpenLock">
		insert into log(company, userName, did, mac, requestTime, on_off, actionD, status)
					values (#{company}, #{userName}, #{did}, #{mac},#{requestTime}, #{onOff}, #{actionD}, #{status})
	</insert>


	<update id="updateOpenLockInfo">
			update log set openTime= #{openTime},on_off = #{on_off},actionD=#{actionD},status=#{status} where id=#{id}
	</update>
	




</mapper>