<?xml version="1.0" encoding="UTF-8"?>
<beans xmlns="http://www.springframework.org/schema/beans"
	xmlns:xsi="http://www.w3.org/2001/XMLSchema-instance"
	xmlns:context="http://www.springframework.org/schema/context"
	xmlns:mvc="http://www.springframework.org/schema/mvc"
	xsi:schemaLocation="http://www.springframework.org/schema/beans 
	http://www.springframework.org/schema/beans/spring-beans-3.0.xsd
        http://www.springframework.org/schema/context 
        http://www.springframework.org/schema/context/spring-context-3.0.xsd
        http://www.springframework.org/schema/mvc 
        http://www.springframework.org/schema/mvc/spring-mvc-3.2.xsd">

	<!-- 扫描驱动 支持自动注解 -->
	
	<context:component-scan
		base-package="com.app.bzpower.controller" />
	<!-- springmvc不处理静态资源 -->
	<mvc:default-servlet-handler />

<!-- 配置消息解析器 -->
	<mvc:annotation-driven>
		<!--  消息转换器 -->
		<mvc:message-converters>
			<bean class="org.springframework.http.converter.StringHttpMessageConverter">
				<property name="supportedMediaTypes" value="text/html;charset=UTF-8"></property>
			</bean>
			<!-- 将数据转成json格式 -->
			<bean class="com.alibaba.fastjson.support.spring.FastJsonHttpMessageConverter4"></bean>
		</mvc:message-converters>
	</mvc:annotation-driven>
	


</beans>
        
        